Branch,Rolls
cse,empty
ece,empty
it,empty
cse,empty
ece,empty
it,empty
cse,empty
ece,empty
it,empty
cse,empty
ece,empty
it,empty
cse,empty
ece,empty
it,empty
cse,empty
ece,empty
it,empty
cse,empty
ece,empty
it,empty
cse,empty
ece,empty
it,empty
cse,empty
ece,empty
it,empty
cse,empty
ece,empty
it,empty
cse,empty
ece,empty
it,empty
cse,empty
ece,empty
it,empty
cse,empty
ece,empty
it,empty
cse,empty
ece,empty
it,empty
cse,empty
ece,empty
it,empty
cse,empty
ece,empty
it,empty
cse,empty
ece,empty
it,empty
cse,empty
ece,empty
it,empty
cse,empty
ece,empty
it,empty
cse,empty
ece,empty
it,empty
cse,empty
ece,empty
it,empty
cse,empty
ece,empty
it,empty
cse,empty
ece,empty
it,empty
cse,empty
ece,empty
it,empty
cse,empty
ece,empty
it,empty
cse,empty
ece,empty
it,empty
cse,empty
ece,empty
it,empty
cse,empty
ece,empty
it,empty
cse,empty
ece,empty
it,empty
cse,empty
ece,empty
it,empty
cse,empty
ece,empty
mech,empty
cse,empty
ece,empty
mech,empty
cse,empty
ece,empty
mech,empty
cse,empty
ece,empty
aie,empty
cse,empty
aie,empty
mech,empty
cse,empty
aie,empty
mech,empty
cse,empty
aie,empty
mech,empty
cse,empty
aie,empty
mech,empty
cse,empty
aie,empty
mech,empty
cse,empty
aie,empty
mech,empty
cse,empty
aie,empty
mech,empty
cse,empty
aie,empty
mech,empty
cse,empty
aie,empty
mech,empty
cse,empty
aie,empty
mech,empty
cse,empty
aie,empty
mech,empty
cse,empty
aie,empty
mech,empty
cse,empty
aie,empty
mech,empty
cse,empty
aie,empty
mech,empty
cse,empty
aie,empty
mech,empty
cse,empty
aie,empty
cse ds,empty
cse,empty
aie,empty
cse ds,empty
cse,empty
aie,empty
cse ds,empty
cse,empty
aie,empty
cse ds,empty
cse,empty
aie,empty
cse ds,empty
cse,empty
aie,empty
cse ds,empty
cse,empty
aie,empty
cse ds,empty
cse,empty
aie,empty
cse ds,empty
cse,empty
aie,empty
cse ds,empty
cse,empty
aie,empty
cse ds,empty
cse,empty
aie,empty
cse ds,empty
cse,empty
aie,empty
cse ds,empty
cse,empty
aie,empty
cse ds,empty
cse,empty
aie,empty
cse ds,empty
cse,empty
aie,empty
eee,empty
aie,empty
ece,empty
aie,empty
eee,empty
ece,empty
aie,empty
eee,empty
ece,empty
aie,empty
eee,empty
ece,empty
aie,empty
eee,empty
ece,empty
aie,empty
eee,empty
ece,empty
aie,empty
eee,empty
ece,empty
aie,empty
eee,empty
ece,empty
aie,empty
eee,empty
ece,empty
aie,empty
civil,empty
ece,empty
aie,empty
civil,empty
ece,empty
aie,empty
civil,empty
ece,empty
aie,empty
civil,empty
ece,empty
aie,empty
it,empty
ece,empty
it,empty
civil,empty
ece,empty
it,empty
,empty
